[
    {
        "name": "r/bikinis",
        "description": "Sub dedicated to woman in full bikinis"
    },
    {
        "name": "r/literarycontests",
        "description": "Reddit's top resource for literary contests and calls for submissions. Powered by Winning Writers, one of the \"101 Best Websites for Writers\" (Writer's Digest 2024)."
    },
    {
        "name": "r/ChristianDating",
        "description": "Place to meet other Christians for a meaningful relationship or helpful advice."
    },
    {
        "name": "r/ForeverJadeAnna",
        "description": "De plek voor foto’s en video’s van en met Jade.  Heb je wat leuks deel het hier in de groep 😃\n\nhttps://t.me/jadeannna Telegram groep"
    },
    {
        "name": "r/rgbroachgang",
        "description": "Bröther! Welcome to the land of the roaches, the rgb roach gang subreddit!\n𝔸 𝕞𝕖𝕤𝕤𝕒𝕘𝕖 𝕗𝕣𝕠𝕞 𝕓𝕣ö𝕥𝕙𝕖𝕣:\nRgb roach gang is the place for people with all types of roach profile pics can hang out!\n\nThis is where all roaches can chill, relax, hang out and talk, and post all their roach related posts!"
    },
    {
        "name": "r/SouthAsia",
        "description": "A subreddit for discussion, news, history, and the politics of South Asia which includes India, Pakistan, Bangladesh, Burma, Sri Lanka, Nepal, Bhutan, Afghanistan, and the Maldives."
    },
    {
        "name": "r/CollegeFootball25",
        "description": "Welcome to CollegeFootball25"
    },
    {
        "name": "r/GeniusInvokationTCG",
        "description": "Welcome to r/GeniusInvokationTCG!\nThis subreddit is dedicated to Hoyoverse's card game feature in Genshin Impact. \nCome sit down with us at The Cat's Tail to theorycraft new decks, discuss strategies, show off your collection, and more!\n⏤⏤⏤⏤⏤⏤⏤⏤⋆✧♦✧⋆⏤⏤⏤⏤⏤⏤⏤⏤\n‏‏‏‏‎ ‎‏‏‎ ‎‏‏‎ ‎‏‏‎ ‏‏‎ ‎‏‏‎ ‎‏‏‎ ‎‎‏‎‏‏‎ ‏‏‎‎‏‏‎ ‎‏‏‎ ‎‏‏‎ ‏‏‎ ‎‏‏‎ ‎‏‏‎‏‏‎ ‎‏‏‎ ‎‏‏‎╰⏤➤ ‎discord.gg/GITCG"
    },
    {
        "name": "r/PremierePro",
        "description": "This subreddit allows ONE post a day to be answered by vetted pros.  Want to be an approved submitter? Contact the mod team. Want a larger community? /r/Premiere."
    },
    {
        "name": "r/BabesinSwimwear",
        "description": "Beautiful ladies wearing bikinis or swimsuits. 👙🩱 Rules - 1. Must be swimwear - 2. No overt advertising or soliciting of users in title or post. 3 - Must include First Name 4. No Duplicate post or very similar content or low quality selfies in a mirror. *** Posting a low effort selfie in a dark bathroom will most likely get removed due to poor quality. *** Don't be a creep and enjoy the beauty of women in swimwear. ~~~ Enjoy"
    }
]